model,scope,n,accuracy,micro_precision,micro_recall,micro_f1,macro_precision,macro_recall,macro_f1,weighted_precision,weighted_recall,weighted_f1,cohen_kappa
gpt-4o,all_tokens,600,0.9183333333333333,0.9183333333333333,0.9183333333333333,0.9183333333333333,0.35650884665792926,0.37974992546213476,0.3583786231884058,0.9353435561380515,0.9183333333333333,0.925929347826087,0.4620704797453069
gpt-4o,entity_only,41,0.5365853658536586,0.88,0.5365853658536586,0.6666666666666666,0.5535714285714286,0.2988095238095238,0.37015717015717015,0.8628048780487805,0.5365853658536586,0.641462748779822,0.7956403269754768
gpt-5.5,all_tokens,600,0.9383333333333334,0.9383333333333334,0.9383333333333334,0.9383333333333334,0.440404891006682,0.5964913962006986,0.49434113028091126,0.9583668072443131,0.9383333333333334,0.946037709208877,0.6239837398373984
gpt-5.5,entity_only,41,0.8048780487804879,0.9705882352941176,0.8048780487804879,0.88,0.7067669172932332,0.5462585034013606,0.6147392290249433,0.9730423620025673,0.8048780487804879,0.878784359272164,0.9543624161073826
