entity_type,total_count,mean_per_episode,sd_per_episode,episodes_with_ge1_mention
PERSON,2033,42.354166666666664,16.117242759988358,48
ORG,959,19.979166666666668,9.777284971731145,48
GPE,1877,39.104166666666664,21.068520011168154,48
LOC,252,5.25,4.421899081770377,45
NORP,1537,32.020833333333336,17.59290183669144,48
EVENT,968,20.166666666666668,15.190049000990163,47
LAW,353,7.354166666666667,6.650834480783606,44
