entity_type,total_count,mean_per_episode,sd_per_episode,episodes_with_ge1_mention
PERSON,3271,68.14583333333333,23.834526702256273,48
ORG,1810,37.708333333333336,19.129967949760534,48
GPE,2414,50.291666666666664,25.883501960879737,48
LOC,427,8.895833333333334,7.912391529513188,45
NORP,1778,37.041666666666664,20.642816826315702,48
EVENT,2001,41.6875,39.06467972641859,47
LAW,898,18.708333333333332,14.883888666742024,44
