system,micro_precision,micro_recall,micro_f1,macro_f1,tp_total,fp_total,fn_total
ASR_gold_self,1.0,1.0,1.0,1.0,403,0,0
Coref,0.8602409638554217,0.8858560794044665,0.8728606356968215,0.8997976423751132,357,58,46
NER,0.7905236907730673,0.7866004962779156,0.7885572139303482,0.8075375040358833,317,84,86
Coref_NER,0.7637231503579952,0.794044665012407,0.7785888077858881,0.8191957702781362,320,99,83
